
{
  "response": {
  "version":"0.1",
  "termsofService":"http://www.wunderground.com/weather/api/d/terms.html",
  "features": {
  "forecast": 1
  }
	}
		,
	"forecast":{
		"txt_forecast": {
		"date":"7:37 PM EST",
		"forecastday": [
		{
		"period":0,
		"icon":"partlycloudy",
		"icon_url":"http://icons.wxug.com/i/c/k/partlycloudy.gif",
		"title":"Thursday",
		"fcttext":"Partly cloudy. Lows overnight in the upper single digits.",
		"fcttext_metric":"Partly cloudy. Low -13C.",
		"pop":"10"
		}
		,
		{
		"period":1,
		"icon":"nt_partlycloudy",
		"icon_url":"http://icons.wxug.com/i/c/k/nt_partlycloudy.gif",
		"title":"Thursday Night",
		"fcttext":"Some clouds this evening will give way to mainly clear skies overnight. Low 8F. Winds light and variable.",
		"fcttext_metric":"Partly cloudy skies. Low -13C. Winds light and variable.",
		"pop":"10"
		}
		,
		{
		"period":2,
		"icon":"cloudy",
		"icon_url":"http://icons.wxug.com/i/c/k/cloudy.gif",
		"title":"Friday",
		"fcttext":"Overcast. A few flurries or snow showers possible. High 28F. Winds S at 5 to 10 mph.",
		"fcttext_metric":"Cloudy. A few flurries or snow showers possible. High -2C. Winds S at 10 to 15 km/h.",
		"pop":"20"
		}
		,
		{
		"period":3,
		"icon":"nt_chancerain",
		"icon_url":"http://icons.wxug.com/i/c/k/nt_chancerain.gif",
		"title":"Friday Night",
		"fcttext":"Cloudy with occasional showers late at night. Low around 25F. Winds S at 10 to 20 mph. Chance of rain 50%.",
		"fcttext_metric":"Cloudy skies early with showers later at night. Low -4C. Winds S at 15 to 30 km/h. Chance of rain 50%.",
		"pop":"50"
		}
		,
		{
		"period":4,
		"icon":"chancerain",
		"icon_url":"http://icons.wxug.com/i/c/k/chancerain.gif",
		"title":"Saturday",
		"fcttext":"Showers early becoming a steady light rain later in the day. High 43F. Winds S at 10 to 15 mph. Chance of rain 60%.",
		"fcttext_metric":"Showers early becoming a steady light rain later in the day. High 6C. Winds S at 15 to 25 km/h. Chance of rain 60%.",
		"pop":"60"
		}
		,
		{
		"period":5,
		"icon":"nt_chancerain",
		"icon_url":"http://icons.wxug.com/i/c/k/nt_chancerain.gif",
		"title":"Saturday Night",
		"fcttext":"Cloudy with periods of light rain. Low 33F. Winds light and variable. Chance of rain 70%.",
		"fcttext_metric":"Cloudy with periods of light rain. Low 1C. Winds light and variable. Chance of rain 70%.",
		"pop":"70"
		}
		,
		{
		"period":6,
		"icon":"chancerain",
		"icon_url":"http://icons.wxug.com/i/c/k/chancerain.gif",
		"title":"Sunday",
		"fcttext":"Steady light rain in the morning. Showers continuing in the afternoon. High 41F. Winds WNW at 5 to 10 mph. Chance of rain 80%.",
		"fcttext_metric":"Light rain early...then remaining cloudy with showers in the afternoon. High near 5C. Winds light and variable. Chance of rain 80%.",
		"pop":"80"
		}
		,
		{
		"period":7,
		"icon":"nt_chancerain",
		"icon_url":"http://icons.wxug.com/i/c/k/nt_chancerain.gif",
		"title":"Sunday Night",
		"fcttext":"Showers in the evening, then cloudy overnight. Low 28F. Winds W at 5 to 10 mph. Chance of rain 40%.",
		"fcttext_metric":"Rain showers early with overcast skies late. Low -2C. Winds W at 10 to 15 km/h. Chance of rain 40%.",
		"pop":"40"
		}
		]
		},
		"simpleforecast": {
		"forecastday": [
		{"date":{
	"epoch":"1518134400",
	"pretty":"7:00 PM EST on February 08, 2018",
	"day":8,
	"month":2,
	"year":2018,
	"yday":38,
	"hour":19,
	"min":"00",
	"sec":0,
	"isdst":"0",
	"monthname":"February",
	"monthname_short":"Feb",
	"weekday_short":"Thu",
	"weekday":"Thursday",
	"ampm":"PM",
	"tz_short":"EST",
	"tz_long":"America/New_York"
},
		"period":1,
		"high": {
		"fahrenheit":"27",
		"celsius":"-2"
		},
		"low": {
		"fahrenheit":"8",
		"celsius":"-13"
		},
		"conditions":"Partly Cloudy",
		"icon":"partlycloudy",
		"icon_url":"http://icons.wxug.com/i/c/k/partlycloudy.gif",
		"skyicon":"",
		"pop":10,
		"qpf_allday": {
		"in": 0.00,
		"mm": 0
		},
		"qpf_day": {
		"in": null,
		"mm": null
		},
		"qpf_night": {
		"in": 0.00,
		"mm": 0
		},
		"snow_allday": {
		"in": 0.0,
		"cm": 0.0
		},
		"snow_day": {
		"in": null,
		"cm": null
		},
		"snow_night": {
		"in": 0.0,
		"cm": 0.0
		},
		"maxwind": {
		"mph": 13,
		"kph": 21,
		"dir": "",
		"degrees": 0
		},
		"avewind": {
		"mph": 2,
		"kph": 3,
		"dir": "WNW",
		"degrees": 294
		},
		"avehumidity": 73,
		"maxhumidity": 0,
		"minhumidity": 0
		}
		,
		{"date":{
	"epoch":"1518220800",
	"pretty":"7:00 PM EST on February 09, 2018",
	"day":9,
	"month":2,
	"year":2018,
	"yday":39,
	"hour":19,
	"min":"00",
	"sec":0,
	"isdst":"0",
	"monthname":"February",
	"monthname_short":"Feb",
	"weekday_short":"Fri",
	"weekday":"Friday",
	"ampm":"PM",
	"tz_short":"EST",
	"tz_long":"America/New_York"
},
		"period":2,
		"high": {
		"fahrenheit":"28",
		"celsius":"-2"
		},
		"low": {
		"fahrenheit":"25",
		"celsius":"-4"
		},
		"conditions":"Overcast",
		"icon":"cloudy",
		"icon_url":"http://icons.wxug.com/i/c/k/cloudy.gif",
		"skyicon":"",
		"pop":20,
		"qpf_allday": {
		"in": 0.02,
		"mm": 1
		},
		"qpf_day": {
		"in": 0.00,
		"mm": 0
		},
		"qpf_night": {
		"in": 0.02,
		"mm": 1
		},
		"snow_allday": {
		"in": 0.1,
		"cm": 0.3
		},
		"snow_day": {
		"in": 0.0,
		"cm": 0.0
		},
		"snow_night": {
		"in": 0.1,
		"cm": 0.3
		},
		"maxwind": {
		"mph": 10,
		"kph": 16,
		"dir": "S",
		"degrees": 187
		},
		"avewind": {
		"mph": 9,
		"kph": 14,
		"dir": "S",
		"degrees": 187
		},
		"avehumidity": 62,
		"maxhumidity": 0,
		"minhumidity": 0
		}
		,
		{"date":{
	"epoch":"1518307200",
	"pretty":"7:00 PM EST on February 10, 2018",
	"day":10,
	"month":2,
	"year":2018,
	"yday":40,
	"hour":19,
	"min":"00",
	"sec":0,
	"isdst":"0",
	"monthname":"February",
	"monthname_short":"Feb",
	"weekday_short":"Sat",
	"weekday":"Saturday",
	"ampm":"PM",
	"tz_short":"EST",
	"tz_long":"America/New_York"
},
		"period":3,
		"high": {
		"fahrenheit":"43",
		"celsius":"6"
		},
		"low": {
		"fahrenheit":"33",
		"celsius":"1"
		},
		"conditions":"Chance of Rain",
		"icon":"chancerain",
		"icon_url":"http://icons.wxug.com/i/c/k/chancerain.gif",
		"skyicon":"",
		"pop":60,
		"qpf_allday": {
		"in": 0.26,
		"mm": 7
		},
		"qpf_day": {
		"in": 0.08,
		"mm": 2
		},
		"qpf_night": {
		"in": 0.18,
		"mm": 5
		},
		"snow_allday": {
		"in": 0.0,
		"cm": 0.0
		},
		"snow_day": {
		"in": 0.0,
		"cm": 0.0
		},
		"snow_night": {
		"in": 0.0,
		"cm": 0.0
		},
		"maxwind": {
		"mph": 15,
		"kph": 24,
		"dir": "S",
		"degrees": 186
		},
		"avewind": {
		"mph": 12,
		"kph": 19,
		"dir": "S",
		"degrees": 186
		},
		"avehumidity": 81,
		"maxhumidity": 0,
		"minhumidity": 0
		}
		,
		{"date":{
	"epoch":"1518393600",
	"pretty":"7:00 PM EST on February 11, 2018",
	"day":11,
	"month":2,
	"year":2018,
	"yday":41,
	"hour":19,
	"min":"00",
	"sec":0,
	"isdst":"0",
	"monthname":"February",
	"monthname_short":"Feb",
	"weekday_short":"Sun",
	"weekday":"Sunday",
	"ampm":"PM",
	"tz_short":"EST",
	"tz_long":"America/New_York"
},
		"period":4,
		"high": {
		"fahrenheit":"41",
		"celsius":"5"
		},
		"low": {
		"fahrenheit":"28",
		"celsius":"-2"
		},
		"conditions":"Chance of Rain",
		"icon":"chancerain",
		"icon_url":"http://icons.wxug.com/i/c/k/chancerain.gif",
		"skyicon":"",
		"pop":80,
		"qpf_allday": {
		"in": 0.15,
		"mm": 4
		},
		"qpf_day": {
		"in": 0.14,
		"mm": 4
		},
		"qpf_night": {
		"in": 0.01,
		"mm": 0
		},
		"snow_allday": {
		"in": 0.0,
		"cm": 0.0
		},
		"snow_day": {
		"in": 0.0,
		"cm": 0.0
		},
		"snow_night": {
		"in": 0.0,
		"cm": 0.0
		},
		"maxwind": {
		"mph": 10,
		"kph": 16,
		"dir": "WNW",
		"degrees": 287
		},
		"avewind": {
		"mph": 6,
		"kph": 10,
		"dir": "WNW",
		"degrees": 287
		},
		"avehumidity": 88,
		"maxhumidity": 0,
		"minhumidity": 0
		}
		]
		}
	}
}